name,value
GO:0006518,1.749883711066961e-6
GO:0006508,4.937021938663885e-5
