name,value
GO:0000398,5.5785661627302243e-5
GO:0010252,0.0073105530124990235
GO:0006334,0.03600217455957375
GO:0006886,0.011342455221441937
