name,value
GO:0006508,0.012793855358502845
GO:0006518,4.97853659487277e-4
